65,Error,Error,Error,Error,Error
111,Error,Error,Error,Error,Error
187,52412,47954,46071,47789,43329
235,Error,Error,Error,Error,Error
261,Error,Error,Error,Error,Error
280,47789,46071,44908,37118,52412
375,46071,47789,47954,52412,44908
498,Error,Error,Error,Error,Error
543,Error,Error,Error,Error,Error
590,46071,53449,47789,47959,46090
727,Error,Error,Error,Error,Error
794,Error,Error,Error,Error,Error
839,Error,Error,Error,Error,Error
884,Error,Error,Error,Error,Error
992,Error,Error,Error,Error,Error
1037,Error,Error,Error,Error,Error
1061,Error,Error,Error,Error,Error
1117,48475,47789,43425,44908,37090
1160,Error,Error,Error,Error,Error
1233,Error,Error,Error,Error,Error
1255,Error,Error,Error,Error,Error
1277,Error,Error,Error,Error,Error
1343,46090,47789,45255,52551,43329
1426,Error,Error,Error,Error,Error
1516,47789,52412,37090,46090,43329
1594,47789,43329,43425,52412,46103
1682,Error,Error,Error,Error,Error
1706,Error,Error,Error,Error,Error
1759,Error,Error,Error,Error,Error
1885,Error,Error,Error,Error,Error
1909,Error,Error,Error,Error,Error
1950,Error,Error,Error,Error,Error
1991,Error,Error,Error,Error,Error
2161,52551,48475,47789,43329,46071
2185,46103,47789,47954,47959,46071
2253,46103,46071,47789,52551,52412
2298,Error,Error,Error,Error,Error
2354,47789,47954,43425,37118,46103
2378,37090,37118,46103,47789,44908
2493,Error,Error,Error,Error,Error
2517,Error,Error,Error,Error,Error
2558,Error,Error,Error,Error,Error
2624,37090,46071,47789,46090,52412
2678,Error,Error,Error,Error,Error
2706,Error,Error,Error,Error,Error
2752,47789,46071,44908,43329,37118
2834,Error,Error,Error,Error,Error
2873,Error,Error,Error,Error,Error
2923,Error,Error,Error,Error,Error
2966,Error,Error,Error,Error,Error
3001,Error,Error,Error,Error,Error
3061,52551,47789,46071,47954,47959
3085,47789,47954,46071,44908,37090
3142,Error,Error,Error,Error,Error
3185,46071,44908,47789,37118,52412
3204,47789,44908,47954,52551,52412
3316,Error,Error,Error,Error,Error
3392,Error,Error,Error,Error,Error
3440,Error,Error,Error,Error,Error
3486,Error,Error,Error,Error,Error
3509,Error,Error,Error,Error,Error
3567,37090,47789,46071,47959,37118
3654,47789,46071,43329,46103,37090
3743,Error,Error,Error,Error,Error
3798,Error,Error,Error,Error,Error
3827,Error,Error,Error,Error,Error
3883,44908,47789,47954,47959,43329
3905,47789,47954,43329,46103,37090
3950,44908,47789,47954,37090,37118
3972,47789,46071,37090,52412,37118
4081,Error,Error,Error,Error,Error
4183,46071,37090,47954,46103,47789
4254,Error,Error,Error,Error,Error
4278,Error,Error,Error,Error,Error
4300,Error,Error,Error,Error,Error
4345,Error,Error,Error,Error,Error
4409,Error,Error,Error,Error,Error
4431,Error,Error,Error,Error,Error
4489,40124,53063,38538,43556,37079
4518,Error,Error,Error,Error,Error
76,Error,Error,Error,Error,Error
121,42424,44876,44820,46170,46072
145,46072,53555,42362,44882,44123
241,48415,53098,52432,52666,42356
262,52432,44879,40023,42344,48415
440,53555,44882,46093,46072,46170
499,44876,42362,44820,46072,46093
523,Error,Error,Error,Error,Error
547,Error,Error,Error,Error,Error
571,46093,46072,44820,42362,41436
635,42344,42356,44879,53098,44075
659,42344,44879,37737,53098,52513
831,43663,46072,43808,44876,46093
876,Error,Error,Error,Error,Error
940,46072,44820,46093,42424,46170
975,46072,43808,44820,42362,53488
1024,46093,46072,41436,44820,53512
1155,37737,42344,40023,52432,44879
1179,Error,Error,Error,Error,Error
1198,Error,Error,Error,Error,Error
1224,40023,42344,52762,44879,48415
1273,44876,46072,46093,43808,45785
1323,Error,Error,Error,Error,Error
1459,44820,46093,46072,45785,42362
1558,42424,46072,46170,47995,42362
1621,Error,Error,Error,Error,Error
1654,42344,40023,44879,53098,48541
1671,42344,53098,48415,52432,40023
1735,44879,48415,42344,48541,42356
1757,42344,44879,48415,40023,53098
1779,44879,45244,37737,40023,42344
1810,42362,47995,43808,53488,46072
1850,Error,Error,Error,Error,Error
1886,42424,41436,46072,44820,46093
2019,42344,44879,52762,44844,53098
2098,43808,46072,46170,53555,42362
2134,Error,Error,Error,Error,Error
2214,41436,47995,46072,43808,44820
2238,46072,46093,46170,53555,53488
2284,Error,Error,Error,Error,Error
2412,Error,Error,Error,Error,Error
2467,Error,Error,Error,Error,Error
2536,46072,46093,46170,53512,43808
2720,53555,41436,46072,53488,44876
2784,Error,Error,Error,Error,Error
2805,52762,52513,42344,42437,44844
2879,52432,42356,37737,42344,52762
2953,44876,42362,43808,53555,46072
2977,42362,44876,46170,44820,46072
3006,53555,46170,46072,44123,43663
3051,44876,53499,46170,44820,46072
3073,Error,Error,Error,Error,Error
3148,45244,53098,44075,41532,44844
3288,44820,46072,46093,46170,43808
3310,44820,43808,46072,44876,45785
3355,46170,44876,46093,44820,46072
3399,41436,43808,44820,46072,42362
3444,44876,43808,53555,46093,46072
3538,42356,42344,40023,52942,44879
3562,42344,44879,52432,44844,48415
3584,Error,Error,Error,Error,Error
3603,Error,Error,Error,Error,Error
3689,47995,46093,43808,46072,53488
3776,44844,42344,40023,42437,42356
3800,44879,42344,52942,52432,48541
59,37110,47856,43345,29550,52581
102,40026,37110,47856,42503,43320
126,Error,Error,Error,Error,Error
174,Error,Error,Error,Error,Error
198,52581,37110,47856,29550,48159
248,Error,Error,Error,Error,Error
293,42899,41290,41712,52581,37110
384,43045,47794,52409,38553,53434
408,43045,52409,53434,47835,41262
500,38553,41619,43045,41262,52409
533,41262,43045,52409,42500,38553
578,43045,52409,47835,42500,43344
602,47794,43344,41619,52409,44860
624,Error,Error,Error,Error,Error
646,Error,Error,Error,Error,Error
771,52451,37110,47856,43320,46108
870,29550,44009,37110,47856,40026
910,53440,41712,42503,43320,46108
988,Error,Error,Error,Error,Error
1059,Error,Error,Error,Error,Error
1205,44860,52409,42500,47794,43045
1229,47794,43045,41619,38553,52409
1274,44860,52409,52441,47794,42500
1313,44009,37110,43345,43320,47856
1328,Error,Error,Error,Error,Error
1385,29550,43345,37110,42899,47856
1409,43345,37110,47856,41290,46108
1499,Error,Error,Error,Error,Error
1551,53631,52409,52441,53434,41262
1609,41262,53434,44860,52441,52409
1741,41712,42899,53440,41290,52581
1767,41712,46108,43345,53440,40026
1796,Error,Error,Error,Error,Error
1815,40026,53440,41712,52581,52451
1856,53440,41712,35534,41290,29550
1987,Error,Error,Error,Error,Error
2089,47794,44927,52409,46322,52441
2113,42500,52409,44860,38553,52441
2154,Error,Error,Error,Error,Error
2240,Error,Error,Error,Error,Error
2262,Error,Error,Error,Error,Error
2281,47794,52409,52441,53434,53631
2443,52451,43345,29550,53440,47856
2488,Error,Error,Error,Error,Error
2509,Error,Error,Error,Error,Error
2585,41262,43344,52409,53434,47794
2690,Error,Error,Error,Error,Error
2714,43345,53440,35534,43320,47856
2764,Error,Error,Error,Error,Error
2832,29550,53440,41290,47856,42899
2952,47794,52409,52441,44860,41619
3018,41262,41619,38553,52409,44860
3112,52409,52441,44860,47835,47794
3176,53440,52581,47856,52451,43345
3198,40026,53440,52581,41290,29550
3233,34452,44881,53662,42400,52465
3291,52409,44860,53434,42500,43045
3370,29550,53440,52581,47856,40026
3441,44860,52409,47794,43045,53434
3492,41619,52409,41262,38553,44860
3535,41619,52409,43495,43344,41262
3564,Error,Error,Error,Error,Error
3691,52581,53440,52451,41712,48159
3717,43045,41262,52409,41619,42500
3811,29550,53440,52451,47856,43345
164,46070,44898,44841,52418,43297
231,Error,Error,Error,Error,Error
260,41264,46235,46070,46104,52595
389,Error,Error,Error,Error,Error
434,37255,42429,45339,43302,41293
479,47838,42429,42419,37255,41246
503,37255,42429,46367,42419,47806
676,46070,43370,43465,52418,46104
704,46070,40070,41264,43370,43461
985,Error,Error,Error,Error,Error
1005,53520,46104,52595,46070,43461
1029,Error,Error,Error,Error,Error
1050,52595,46070,44898,43297,43370
1116,46070,46104,43297,52418,40070
1138,46070,52595,46235,41264,53520
1210,47806,37255,41246,33566,42429
1234,45339,37255,41246,37101,43302
1263,Error,Error,Error,Error,Error
1366,37255,37101,42419,46167,47806
1436,46104,52523,46070,43461,40070
1595,44841,46070,46104,52418,52523
1619,Error,Error,Error,Error,Error
1751,42419,37255,42429,47806,46167
2015,Error,Error,Error,Error,Error
2094,Error,Error,Error,Error,Error
2118,41264,46070,46235,43370,52595
2142,46070,52523,43461,52418,52595
2264,46104,46070,43370,52595,52418
2444,Error,Error,Error,Error,Error
2492,Error,Error,Error,Error,Error
2635,46367,46167,45339,53496,43302
2713,46367,53496,42419,43302,41293
2795,42429,40138,53496,41246,42419
2898,53496,41246,42429,40138,47806
2965,41293,41246,37101,53496,42419
3052,Error,Error,Error,Error,Error
3136,Error,Error,Error,Error,Error
3163,Error,Error,Error,Error,Error
3293,Error,Error,Error,Error,Error
3414,46167,53496,35527,42429,41246
3447,47806,47838,53496,40138,42429
3548,46235,48485,44898,46070,53520
3651,43302,53496,41246,42429,46167
3675,47806,47838,53496,41246,42419
3710,Error,Error,Error,Error,Error
3732,46167,53496,40138,43302,35527
3761,42419,53496,46167,43302,40138
3783,43302,53496,35527,47806,40138
3820,Error,Error,Error,Error,Error
3852,42429,53496,43302,40138,41246
62,Error,Error,Error,Error,Error
181,44943,39947,43291,43307,42477
289,Error,Error,Error,Error,Error
329,34452,47853,52465,30869,42400
353,47952,39989,34452,47853,30869
377,34452,47853,43399,30869,52465
471,34452,44881,47853,42400,39989
522,Error,Error,Error,Error,Error
564,46075,43307,43291,39947,52442
588,52449,43291,53658,42477,45102
633,42477,43291,52442,39947,52449
761,34452,39989,47853,46102,42400
874,43291,52449,53658,44943,39947
945,47879,46076,38947,47821,44875
990,46102,34452,47952,47853,44881
1035,34452,44881,46180,47853,46102
1080,Error,Error,Error,Error,Error
1149,34452,30869,47853,43399,44881
1170,Error,Error,Error,Error,Error
1199,34452,47853,39989,44881,46102
1266,43399,34452,44881,47853,52465
1352,47906,46101,52894,40129,46155
1380,46173,42477,43291,53658,46275
1404,46173,43291,43307,46075,45102
1494,Error,Error,Error,Error,Error
1515,46173,43291,48118,44943,46075
1539,42477,45102,43291,48118,40641
1568,Error,Error,Error,Error,Error
1613,43307,42477,43291,46173,52442
1694,47853,34452,44881,39989,30869
1898,47818,53430,46130,41322,41939
1920,43307,46173,42477,43291,48118
1988,47853,34452,43399,52465,39989
2010,47853,52465,34452,39989,46180
2050,Error,Error,Error,Error,Error
2148,46075,43307,43291,39947,44956
2172,Error,Error,Error,Error,Error
2194,Error,Error,Error,Error,Error
2276,Error,Error,Error,Error,Error
2319,43291,46173,48118,52442,43307
2368,Error,Error,Error,Error,Error
2387,47853,34452,52465,42400,47952
2409,34452,43399,47853,30869,46180
2449,43291,45102,44943,52449,40641
2485,46075,43291,39947,52449,53658
2531,Error,Error,Error,Error,Error
2552,43291,45102,53658,42477,52442
2657,34452,39989,53662,46102,44881
2755,39989,43399,34452,46100,52465
2800,43399,34452,47952,46100,46102
2829,34452,46100,39989,46102,43399
3003,44956,43291,42477,46275,48118
3086,46173,43291,48118,52442,42477
3164,34452,47952,39989,46100,52465
3209,46102,46180,42400,34452,39989
3479,46173,52530,44943,45102,39947
3501,46173,52530,53658,42477,39947
3662,45102,52530,46173,42477,44943
3684,46173,52530,39947,40641,42477
107,Error,Error,Error,Error,Error
131,52733,44978,53430,42302,47818
237,52733,53430,43312,42302,48601
259,44846,53430,52733,42410,38696
348,46130,53430,44846,38696,52733
420,41258,52526,44832,42358,47824
444,38642,52589,41258,44832,47824
594,41258,42358,44832,44987,52526
639,Error,Error,Error,Error,Error
658,41258,46109,44832,45267,47803
682,44832,52491,41258,45267,47803
740,53430,42302,53574,52733,44846
783,47818,44846,41322,53430,52450
805,52733,53430,53574,42410,47818
846,52589,53464,41258,44987,47824
912,47803,41258,38642,52491,44832
936,38642,45267,41258,44832,52526
1058,53430,47818,42410,52733,44846
1091,Error,Error,Error,Error,Error
1136,53430,52733,41322,42410,52450
1200,52589,41258,42358,44832,44987
1222,42358,41258,47803,44832,52766
1311,53430,46130,44846,41286,52450
1379,47824,41258,44832,53464,44987
1403,53464,44832,52454,41258,47824
1448,52454,41258,46109,42358,52589
1472,42547,41265,52420,47932,43362
1535,41258,47803,38642,44832,42358
1586,47818,44846,53430,41286,52450
1614,Error,Error,Error,Error,Error
1636,44846,41322,53430,52450,41286
1660,41322,42410,53430,41286,41939
1733,41939,41322,52450,53430,41286
1794,53442,45630,53627,52414,40024
1816,Error,Error,Error,Error,Error
1854,41939,44846,53430,41286,46130
1876,53430,47818,41286,42410,44846
1940,53464,41258,47803,38642,44832
1962,47803,53464,41258,45267,38642
2030,41258,44832,52589,47803,47824
2120,44832,38642,52589,42358,47803
2165,44832,41258,42358,45267,38642
2216,52733,41939,53430,38696,52524
2261,Error,Error,Error,Error,Error
2299,Error,Error,Error,Error,Error
2339,Error,Error,Error,Error,Error
2382,46109,41258,53464,44832,38642
2616,42358,41258,46109,47803,44832
2640,Error,Error,Error,Error,Error
2682,52526,42358,47824,41258,46109
2723,41258,42358,47803,44832,38642
2841,41322,47818,44846,52524,53430
2865,53430,52733,52524,52450,44846
2887,53430,46130,42302,52733,44846
2939,53464,52526,41258,38642,52589
3049,Error,Error,Error,Error,Error
3071,Error,Error,Error,Error,Error
3113,41939,47818,53430,53574,42302
3215,53430,52733,53574,47818,41939
3268,53430,48601,43312,52450,53574
3336,Error,Error,Error,Error,Error
3432,41258,47803,53464,47824,52589
3533,41258,45267,42358,38642,44832
3676,46101,53180,46155,45268,41222
55,Error,Error,Error,Error,Error
95,52447,52426,47861,52413,42837
139,44875,47857,42489,46076,47821
247,53435,52413,44857,52426,48017
350,52413,41506,53435,52426,48017
378,44985,46076,47857,52536,47879
427,Error,Error,Error,Error,Error
448,53079,47821,47879,47857,46076
472,46076,47857,47821,35521,38947
515,44985,46076,42489,44875,47879
620,Error,Error,Error,Error,Error
709,44875,42471,38947,52494,42489
923,38947,46076,47879,42392,35521
1008,43380,48017,52447,42924,46111
1054,53435,43380,48017,41506,52447
1102,Error,Error,Error,Error,Error
1123,52447,41506,52922,43380,42924
1189,48017,43380,53435,47861,52426
1213,48017,43380,47861,52447,48480
1235,52426,53435,48017,43380,42924
1345,52426,48017,41506,42357,43380
1367,43475,43380,41506,42357,52426
1452,47857,46076,42445,52536,38947
1521,46076,38947,42445,47857,47821
1587,52426,42924,53435,43380,48017
1730,Error,Error,Error,Error,Error
1791,48017,43380,42924,52426,42357
1832,42357,43380,42924,46111,52519
1867,48017,43380,53435,41506,47861
1889,Error,Error,Error,Error,Error
1910,43380,41506,52426,52447,48017
1934,52426,53435,48017,41506,43380
1956,53431,44817,53463,47969,40149
2283,42471,44875,46076,35521,42489
2324,46076,42489,35521,47857,47821
2438,42392,46076,47879,42489,42471
2462,42392,46076,38947,42489,44875
2486,46076,38947,44875,35521,47857
2543,42489,46076,35521,52494,52536
2598,42489,46076,44875,35521,42471
2623,42489,46076,47879,47857,44985
2736,Error,Error,Error,Error,Error
2826,52447,53471,53435,43380,48017
2891,Error,Error,Error,Error,Error
2958,46076,47879,42489,47857,38947
3002,Error,Error,Error,Error,Error
3074,48017,43380,53435,48480,42357
3098,48017,52447,43380,53471,48480
3122,53471,52426,52922,43380,42357
3146,48480,43380,52519,52426,44857
3168,43380,52922,53435,42357,48480
3281,46076,52494,42392,47821,44985
3388,47879,46076,52494,42445,52536
3525,43380,48017,42357,53435,52426
3553,Error,Error,Error,Error,Error
3572,42837,43380,52519,53435,41506
3616,47857,42489,46076,35521,42392
3659,47857,46076,38947,42445,52536
3730,47857,44985,46076,44875,47821
3779,Error,Error,Error,Error,Error
3925,43380,52922,47861,52447,41506
4000,52426,41506,43380,42837,52447
4151,52426,43380,41506,52922,53861
4175,52426,53861,43380,41506,44931
4203,53861,52922,43380,41506,46192
155,46092,48097,53444,45185,42363
179,46092,52783,47870,53444,43324
238,46092,42474,53444,47870,52783
283,Error,Error,Error,Error,Error
342,53431,47969,40149,53463,43586
568,53431,53536,53463,40149,43433
924,Error,Error,Error,Error,Error
1100,Error,Error,Error,Error,Error
1153,Error,Error,Error,Error,Error
1260,47969,43433,53443,53431,43586
1331,52783,42883,53444,48097,45185
1360,41359,52783,53444,48097,42363
1442,46279,53536,53431,44817,39684
1492,47969,53431,44817,53463,41295
1592,53444,48097,42363,43324,41359
1616,46092,42474,42883,53444,42363
1645,52590,46092,53444,41359,43324
1710,41359,45185,53444,43324,42883
1732,46092,53444,41359,42363,42883
1761,53444,41359,42474,52603,42883
1911,53463,53431,39684,43433,40149
1989,Error,Error,Error,Error,Error
2063,53443,53431,43586,53463,39684
2272,Error,Error,Error,Error,Error
2373,43433,53431,40149,42428,42416
2427,53431,40149,42416,41295,42428
2473,Error,Error,Error,Error,Error
2512,42883,52590,53444,44912,48097
2568,42363,41359,44912,53444,46092
2649,46092,48097,53444,41359,52603
2671,42363,48097,41359,53444,46092
2760,39684,40149,47904,53431,43586
2819,Error,Error,Error,Error,Error
2852,Error,Error,Error,Error,Error
2876,46279,53431,53443,42428,41295
2909,43586,53431,53536,42428,43433
2955,53443,42428,41295,53431,53463
2979,39684,46279,47969,43586,53431
3050,53444,43324,48097,45185,46092
3134,53536,43433,53431,43586,44817
3156,52461,53439,47836,39983,37266
3243,48657,53431,43586,44817,53463
3437,53444,42474,41359,45185,44912
3459,41359,46092,52603,53444,45185
3500,46279,53431,43586,53536,53443
3522,53431,53536,43586,39684,46279
3546,Error,Error,Error,Error,Error
3568,53431,53536,43433,39684,42428
3807,53431,43586,46279,45555,41295
3836,46279,53431,40149,48657,39684
3858,Error,Error,Error,Error,Error
3877,53431,40149,53443,39684,43586
3906,Error,Error,Error,Error,Error
3942,39684,43586,53443,46279,53536
3971,43586,39684,48657,53431,53536
98,35443,41291,34472,52433,44959
194,37266,52461,43368,47836,53439
233,46118,38606,52461,47840,39950
360,35443,41291,47819,44959,46078
418,38606,52461,47836,52608,39983
463,46302,38606,52461,45607,53439
567,39950,52461,52429,53439,45607
711,35443,53623,46078,41291,44959
735,44959,40078,53623,41291,46078
757,34472,45069,52708,41291,47819
821,46302,52461,52429,39950,53439
843,Error,Error,Error,Error,Error
869,53439,52461,53579,39983,45607
919,38606,43368,52461,37266,53439
960,38606,52461,53439,43368,47836
1134,42371,35443,41291,34472,40078
1215,53623,42371,46331,35443,41291
1270,42371,35443,45069,41291,46671
1348,41291,35443,53623,40078,44959
1374,41291,53623,40078,44959,42371
1438,52461,47836,52429,39950,53439
1507,39950,47836,52461,53439,52429
1540,52461,47836,47805,46118,43368
1675,35443,45069,41291,47819,52433
1812,46078,52708,41291,52433,35443
1836,Error,Error,Error,Error,Error
1857,42371,34472,46078,41291,44959
1925,35443,41291,44959,38613,52708
1954,41291,38613,52625,42371,34472
2086,43368,46118,52461,47836,46302
2115,47836,52461,46118,53439,45607
2217,47819,41291,46078,35443,46671
2273,Error,Error,Error,Error,Error
2334,41291,47819,35443,46078,44959
2459,Error,Error,Error,Error,Error
2527,39950,53579,52461,52429,43368
2572,53439,47836,39950,52461,46302
2594,39950,47836,52461,46118,43368
2641,45069,41291,52598,35443,46078
2731,45069,35443,46078,42371,41291
2890,Error,Error,Error,Error,Error
3014,35443,44959,41291,47819,46078
3202,53439,52461,47836,39983,43368
3224,Error,Error,Error,Error,Error
3245,Error,Error,Error,Error,Error
3627,Error,Error,Error,Error,Error
3653,Error,Error,Error,Error,Error
3690,43368,52461,53439,53579,39950
3804,42469,33084,47797,53497,43429
152,41321,28963,52543,44874,47849
176,Error,Error,Error,Error,Error
217,43362,42547,41265,53446,48235
317,53446,46084,47932,41265,52420
409,47924,28963,41321,44874,53453
473,52543,53516,46161,44874,52457
497,28963,47849,41321,53453,41236
552,41265,52489,52517,46084,47932
630,41265,43362,52489,47932,46084
695,Error,Error,Error,Error,Error
754,Error,Error,Error,Error,Error
890,Error,Error,Error,Error,Error
918,28963,53453,53484,46161,53557
959,53453,28963,52457,46161,53557
1028,Error,Error,Error,Error,Error
1081,46084,43362,52489,41265,47920
1175,Error,Error,Error,Error,Error
1231,28963,47849,53453,53557,46161
1302,53557,28963,47849,53484,46161
1326,53557,53516,47849,28963,41236
1443,48235,41265,52489,52420,43362
1496,46084,52420,43362,41265,47920
1520,41265,43861,42547,46084,48233
1554,48235,41265,52489,46084,47932
1578,53446,41265,47932,48235,52420
1640,53446,46084,41265,52517,42547
1686,41265,44972,53446,42547,52489
2036,46084,41265,52489,42547,44972
2060,41265,43362,46134,46084,48235
2103,41265,47932,42547,46084,52517
2144,53557,52543,47849,28963,52457
2195,41321,47849,28963,44874,53484
2259,28963,41321,53557,41236,47849
2308,42547,41265,46084,52517,44972
2332,52420,41265,46084,43362,42547
2356,Error,Error,Error,Error,Error
2375,52420,41265,46084,43362,47932
2420,46084,43362,41265,42547,46134
2593,43454,46526,44822,52504,47839
2643,41321,46161,28963,41236,47849
2665,28963,46129,44874,47849,53453
2754,46084,43362,47932,52420,41265
2803,52517,47920,46134,46084,41265
2827,43362,44972,52517,46084,48235
2872,46134,41265,48235,52517,43362
2932,53453,28963,52457,47849,46161
3009,53453,28963,46129,46161,44874
3031,47849,28963,53453,46161,53516
3110,41265,43362,42547,46084,39109
3158,Error,Error,Error,Error,Error
3203,Error,Error,Error,Error,Error
3229,43362,41265,47932,52489,52420
3285,Error,Error,Error,Error,Error
3511,28963,47849,53453,44874,46161
3583,53557,28963,47849,53453,52457
3631,42810,53557,47849,44874,28963
3667,53453,28963,44874,53516,52543
75,46131,38632,46226,44853,52584
146,37130,52480,39965,42367,47784
362,44853,46131,38632,43640,40488
386,44853,52584,38632,43640,47976
476,52480,38779,39965,47784,42398
545,52480,39965,47784,46203,46116
569,Error,Error,Error,Error,Error
619,47784,37077,44917,42398,39965
641,46203,47784,39965,46116,39973
802,Error,Error,Error,Error,Error
889,47801,46131,47885,38632,47976
1243,38632,52430,52725,47885,52466
1325,42367,47784,42398,44917,38779
1351,38779,47784,39973,37077,37130
1396,44917,38779,39973,42367,47784
1441,39973,47784,37077,42367,38779
1460,47784,53478,46203,42367,39965
1797,46203,47784,39965,37130,52480
1868,Error,Error,Error,Error,Error
1897,52466,38632,47801,46226,47976
1943,Error,Error,Error,Error,Error
2031,38632,52466,52430,47801,40488
2053,44853,47976,46131,38632,52584
2152,38779,47784,53478,46203,42367
2392,39965,47784,53478,37130,39973
2437,Error,Error,Error,Error,Error
2482,43648,39965,47784,46203,45142
2605,44853,46226,43971,38632,52430
2747,47784,46203,52480,43648,37077
2792,47784,46116,39973,37077,42398
2847,44917,47784,53478,42367,37130
2895,44853,47801,38632,47976,52430
2938,38632,44853,52430,40488,46131
3017,47801,38632,52466,52584,43640
3056,47801,46226,38632,52466,52430
3249,47784,42398,39973,44917,43648
3273,Error,Error,Error,Error,Error
3299,Error,Error,Error,Error,Error
3383,43640,52466,44853,46131,47801
3433,46131,47885,38632,47801,52466
3517,43648,37130,52480,47784,37077
3541,47784,46116,42367,46203,42398
3565,42367,47784,37077,46203,42398
3589,47784,46203,42367,45142,39965
3613,47784,46203,37077,53478,39973
3635,47784,39973,46116,53478,37077
3697,44917,42367,43648,47784,52480
3719,43648,37130,47784,46116,39973
3822,52466,47801,44853,38632,46131
3867,43640,38632,52584,42397,46131
3934,Error,Error,Error,Error,Error
3970,37130,39965,52480,47784,53478
4036,52430,40488,38632,44853,46131
4127,47885,38632,52466,46131,52584
4149,43640,38632,52430,40488,46131
4180,47801,44853,40488,38632,52466
54,42404,25511,46107,52421,42377
101,42404,40151,42377,25511,46107
125,25511,46163,52421,42377,46107
168,25511,41233,44816,44896,42404
281,39975,47814,46263,33084,53433
325,Error,Error,Error,Error,Error
404,25511,52421,46163,52569,42377
451,44816,42377,46163,25511,42404
508,Error,Error,Error,Error,Error
537,53497,33084,42469,47814,46094
582,46095,33084,41232,42469,47797
606,52486,33084,47797,37234,47814
628,33084,53433,47814,47797,41232
734,40129,46101,41230,46155,53523
756,25511,44896,39985,52421,47991
824,41232,47814,39975,33084,46094
848,Error,Error,Error,Error,Error
976,39985,25511,41233,42377,35634
1025,Error,Error,Error,Error,Error
1125,33084,53497,52486,41232,53433
1173,37234,33084,42469,52486,46094
1206,33084,39975,53433,47797,48374
1290,44831,35481,25511,46107,42377
1312,52421,44896,25511,42377,46107
1362,52421,42377,46107,44896,35634
1384,52421,42377,44816,25511,52569
1408,52421,42377,47991,25511,44816
1449,46094,33084,37234,42469,41232
1488,33084,41232,47797,46263,46094
1552,53497,33084,52486,46095,48374
1597,46095,33084,41808,52486,42469
1695,Error,Error,Error,Error,Error
1754,52421,42377,25511,41233,42404
1799,25511,52421,42377,35634,46163
1840,44816,52421,42377,25511,42404
1942,Error,Error,Error,Error,Error
2009,33084,52486,48374,46095,42469
2033,Error,Error,Error,Error,Error
2074,33084,52486,42469,46394,53433
2125,33084,53433,48374,42469,41232
2158,Error,Error,Error,Error,Error
2287,42469,33084,46095,41232,47814
2313,42404,46107,40151,25511,46163
2335,52421,25511,44896,42377,46107
2359,Error,Error,Error,Error,Error
2380,42377,35481,25511,44896,42404
2471,46095,42469,33084,47797,53497
2519,47797,53433,41232,33084,46263
2548,42469,53433,33084,47814,41808
2582,53497,41232,33084,47814,42469
2611,41232,47814,53497,33084,39975
2661,52486,46095,42469,47814,41232
2683,53433,33084,46263,41232,42469
2707,53497,47814,41232,39975,46094
2757,39975,53433,33084,47814,41232
2781,39975,33084,46263,46095,52486
2885,52421,25511,44816,42377,46163
2907,Error,Error,Error,Error,Error
3027,42469,46094,33084,47814,46095
3094,33084,39975,46095,53433,46263
3129,47814,33084,41232,47797,53433
3195,46163,42377,52421,25511,46107
3343,Error,Error,Error,Error,Error
3365,Error,Error,Error,Error,Error
3427,47797,33084,47814,37234,41808
3451,52486,47814,39975,33084,53497
3514,42404,52421,42377,44816,25511
3540,Error,Error,Error,Error,Error
3644,47797,52486,46094,33084,41232
3672,33084,46095,46263,53433,42469
3775,47797,33084,53497,52486,53433
3828,42469,46095,47814,48374,52486
3871,42377,44816,35481,25511,52421
3893,39985,52421,25511,44896,40151
3938,47814,33084,46095,43429,39975
4078,48374,46079,41808,48723,47814
4138,46079,41808,46394,43429,41232
82,52938,37082,43293,43424,47911
127,43293,46206,46277,43424,52938
202,43293,52425,43424,52938,41242
256,52938,47911,43424,42347,37082
322,43293,43424,37082,52938,41242
367,43293,46206,43424,46277,46119
492,48556,52414,34540,40089,45573
521,52414,45573,43845,45630,41390
597,41242,43293,43424,37082,52554
652,44819,52414,45573,41390,48456
807,52938,37082,42347,43424,45532
857,37082,41242,52554,43424,43293
881,43293,43424,37082,42347,52938
1021,53506,45573,52414,53442,41390
1143,45573,53442,34540,52414,45630
1171,Error,Error,Error,Error,Error
1238,41390,53442,45630,45573,52414
1433,43424,42347,52425,46277,37082
1544,52425,43424,46277,42347,41242
1647,43424,42347,46119,43293,52425
1714,53442,45573,52414,48556,40024
1818,Error,Error,Error,Error,Error
1924,48556,45573,52414,34540,45630
1948,52414,45573,53442,48556,44819
1972,Error,Error,Error,Error,Error
1998,45573,52414,45630,41390,53506
2062,52414,45573,45630,40089,41390
2084,45630,53442,45573,52414,40024
2271,53442,41390,46320,52414,45573
2343,40024,52414,45573,53442,45630
2417,52414,45573,53442,41959,45630
2439,46320,52414,34540,53442,41959
2468,52414,43845,53442,41959,44819
2513,41390,45630,53442,52414,44819
2749,Error,Error,Error,Error,Error
2842,Error,Error,Error,Error,Error
2866,43845,46320,52414,41959,48456
2944,46320,52414,41390,40024,41959
3024,40024,52414,53627,34540,53442
3066,53442,45573,48556,52414,45630
3101,48556,52414,53627,53442,40024
3323,52425,43293,43424,41242,37082
3368,42347,43424,45052,41242,52938
3390,Error,Error,Error,Error,Error
3506,53442,52414,45573,43845,44819
3530,52414,34540,46320,40024,41959
3554,Error,Error,Error,Error,Error
3629,48456,52414,53442,47874,41959
3707,41959,52414,40089,45573,34540
3729,52414,48556,41390,41959,40024
3758,52414,48556,45573,53506,34540
3855,42347,46277,43424,43293,37082
3879,52425,43424,37082,43293,52938
3988,37082,42347,52938,43424,46277
4012,37082,52938,43424,42347,52425
4057,41242,52938,46119,52554,37082
110,Error,Error,Error,Error,Error
204,42402,44975,40124,38538,37079
255,44856,43447,38605,33107,45062
321,47987,38605,42412,44856,47847
391,42402,42589,53074,38538,47834
465,43334,38538,42486,40124,37079
532,42589,42486,42402,44975,38538
577,43334,38538,47834,42589,40124
601,42402,44975,38538,42589,40124
673,43334,47834,38538,42589,35472
796,33107,38605,52622,47987,43447
841,41310,45056,43447,38605,45062
943,Error,Error,Error,Error,Error
1115,42486,38538,47834,37079,42589
1218,Error,Error,Error,Error,Error
1282,44856,38605,45062,46189,45056
1327,47847,38605,45062,52622,45056
1411,43334,53063,42589,42486,47834
1642,38538,44975,42589,42486,40124
1746,38538,47865,44975,42402,35472
1839,38605,47847,47987,43447,33107
1993,38605,42412,47847,33107,45056
2243,38538,53074,42486,53063,43334
2288,40124,38629,42402,38538,47865
2333,53063,37079,47834,38538,43334
2537,52622,38605,45062,42412,33107
2561,Error,Error,Error,Error,Error
2618,52477,43460,52622,38605,46189
2740,38538,37079,43334,43556,42402
2830,44975,42589,38538,40124,53074
2874,38629,38538,44975,40124,42402
2919,38629,43334,38538,42402,43556
2943,38538,44975,42402,43556,53063
3078,33107,41310,38605,43447,45062
3102,44856,38605,47987,42412,43447
3261,52622,44856,38605,45062,41310
3422,Error,Error,Error,Error,Error
3443,40124,43334,38538,42589,42486
3497,Error,Error,Error,Error,Error
3516,38538,53065,44975,40124,47834
3597,38605,42412,45062,52477,52622
3619,38605,47987,47847,43447,44856
3725,43334,37079,47834,38538,40124
3773,38629,40124,53063,47834,38538
3797,42402,37079,38538,53074,47865
3842,43556,40124,38538,42486,44975
3929,40124,47834,38538,42589,38629
3953,42402,38538,47834,40124,43556
4126,33107,43447,47987,38605,45056
4167,44856,38605,47987,33107,42412
4213,Error,Error,Error,Error,Error
4335,47865,42402,42589,38538,53063
4380,38538,40124,53065,44975,37079
4445,38538,43334,47834,42486,42402
4530,46189,52622,38605,45062,33107
4552,38605,47847,52622,33107,46237
4574,47987,38605,45056,41310,47847
77,46101,53180,47808,46155,41230
99,41222,47906,48220,46101,52609
397,53492,43367,42460,52504,40011
421,43367,47839,53655,44822,52440
579,Error,Error,Error,Error,Error
780,41222,46101,41230,53180,47808
806,47839,44822,40011,43454,52504
865,Error,Error,Error,Error,Error
952,46526,44822,43415,48683,43454
1022,47906,48220,46101,41222,47808
1107,52504,43454,44822,41325,40011
1152,52504,44822,46526,40011,53492
1176,42460,43367,40011,44822,46526
1220,43415,44822,43367,52504,46152
1399,41222,46101,47808,46155,53180
1453,38557,47906,46101,53180,46155
1477,46101,53180,45268,46284,48220
1606,44822,43454,52440,40011,46152
1719,47839,44822,41325,43454,40011
1802,38557,46101,41230,47808,46284
1866,53180,38557,41222,46101,47906
1939,46101,41230,53180,47808,41222
2012,47906,46101,53180,52609,47808
2186,53655,43367,43454,44822,40011
2210,43454,44822,52440,42511,43367
2255,43367,43454,44822,40011,47839
2388,41222,46101,46155,41230,47808
2615,44822,52440,43367,43454,43415
2698,38557,46101,46155,41230,53180
2775,Error,Error,Error,Error,Error
2933,43415,44822,43367,46526,53492
2960,Error,Error,Error,Error,Error
3004,53523,46284,41222,46101,46155
3068,48220,53523,41222,41332,46101
3139,46101,47808,41230,45268,38557
3211,53492,43367,53655,46152,44822
3256,44822,52440,43367,46152,43415
3280,52504,43367,44822,46526,43415
3364,46101,40129,46155,38557,47808
3428,40129,46101,45268,42721,38557
3458,47808,46101,41230,53180,48220
3555,46101,40129,41222,53523,48220
3705,53655,46152,52504,44822,43367
3907,46101,47852,52500,41230,41222
105,43290,47791,43584,44947,52574
134,44947,47791,43584,48455,43290
201,52483,48455,46089,43290,52574
354,Error,Error,Error,Error,Error
750,43290,52443,53541,52574,53436
817,52443,43290,43584,48455,52574
946,53571,46705,45635,29851,47827
970,Error,Error,Error,Error,Error
1073,Error,Error,Error,Error,Error
1147,53541,52443,43584,43290,52574
1197,53436,48455,52483,44947,43290
1357,44995,46243,53172,29851,41282
1491,44995,53172,29851,47827,30842
1596,39907,48455,43290,44947,47791
1637,43290,48455,52574,43584,46089
1678,52483,43290,46089,52574,53541
1700,43453,48455,43290,53541,52443
1873,53491,29851,44995,41282,47827
1923,Error,Error,Error,Error,Error
2041,47827,29851,53571,46243,44995
2119,48455,43584,43290,44947,39907
2164,48455,53436,44947,43290,53541
2188,44947,46424,43290,39907,48455
2248,52443,43290,43584,52574,48455
2294,52600,29851,44995,41296,52470
2337,41282,46705,29851,44995,37139
2404,53491,47827,29851,52470,46243
2483,44995,53571,29851,41296,46243
2587,Error,Error,Error,Error,Error
2645,47827,52600,29851,46705,41296
2959,47791,52443,43290,48680,46089
2983,43290,43584,53436,52443,52483
3030,43290,48455,53541,53436,43584
3054,43290,52574,53436,44947,48455
3157,29851,46705,30842,47827,53571
3294,41282,29851,46705,52470,41296
3391,52443,43290,48455,53541,52483
3498,52470,46243,29851,41296,53571
3575,48455,43290,48053,53541,46089
3599,53436,52443,43290,48455,48053
3623,43453,53436,43290,52443,47791
3647,43290,52443,53436,48053,52483
3669,43290,52443,43584,48680,52574
3759,48680,43290,52574,52443,46089
