playId,nflId,2nd,3rd,4th,5th,6rd,7th,8th,9rd,10th,11th
56,53434,52441,43344,42500,44860,47794,52409,43045,53475,41619,38553
267,45267,44987,46109,47803,42358,38642,44832,43384,41258,47824,52491
401,43461,41238,41292,53640,43370,38937,40070,52418,41264,48485,46235
435,43370,43461,41292,41238,53640,38937,40070,52418,41264,48485,46235
486,41238,41292,52523,46536,44841,48485,38937,52418,46235,40070,41264
535,Error,Error,Error,Error,Error
631,44841,41238,43461,53520,53640,40070,48485,52418,41264,46235,38937
655,41238,43461,41292,44841,47605,41264,46235,48485,38937,40070,52418
802,47808,46155,53456,39996,48220,41222,38557,46284,45268,46101,47906
890,41320,45267,46109,47803,42358,41258,52491,44832,47824,43384,38642
1048,44857,45050,46111,48480,48017,52426,42565,42924,52447,52413,53471
1070,41238,53520,43461,47605,43370,46235,48485,40070,38937,41264,52418
1205,46109,41320,45267,47803,42358,44832,41258,52491,38642,47824,43384
1292,41238,43461,53520,53640,44841,40070,52418,38937,48485,41264,46235
1337,43461,41292,44841,47605,52523,46235,40070,41264,52418,38937,48485
1383,53520,52523,46536,44841,47605,40070,41264,46235,48485,52418,38937
1439,Error,Error,Error,Error,Error
1514,Error,Error,Error,Error,Error
1587,52465,39989,43399,44881,47853,42400,47952,30869,46180,34452,46102
1673,Error,Error,Error,Error,Error
1695,47803,45267,46109,52766,42358,44832,41258,38642,52491,47824,43384
1753,53520,41238,53640,43370,43461,52418,41264,38937,48485,40070,46235
1794,43461,41292,41238,43370,47605,48485,38937,40070,52418,41264,46235
1820,53520,43461,41292,43370,47605,38937,48485,41264,40070,52418,46235
1871,45267,46109,52766,47803,53464,47824,38642,41258,43384,52491,44832
1966,45267,46109,41320,47803,42358,47824,52491,41258,43384,38642,44832
2011,52766,46109,45267,47803,42358,44832,47824,41258,52491,43384,38642
2035,Error,Error,Error,Error,Error
2106,46109,45267,47803,52766,42358,47824,44832,52491,38642,41258,43384
2130,46109,45267,52766,47803,42358,44832,52491,38642,47824,43384,41258
2175,47803,42051,46109,45267,42358,41258,52491,44832,43384,47824,38642
2199,44896,42033,44767,41233,44816,42404,46163,52421,42377,25511,40151
2248,46109,44987,42051,45267,42358,43384,47824,38642,41258,44832,52491
2357,Error,Error,Error,Error,Error
2381,41282,37139,46705,52470,30842,41296,52600,53571,44068,47827,29851
2405,44841,53520,52523,43370,47605,52418,40070,46235,41264,38937,48485
2450,53520,43370,41238,52523,47605,40070,38937,48485,46235,41264,52418
2484,44841,43370,52523,41292,47605,40070,38937,52418,41264,46235,48485
2590,52523,41292,43370,44841,47605,48485,41264,46235,38937,52418,40070
2612,41238,43370,43461,41292,47605,38937,52418,40070,41264,46235,48485
2655,44841,46536,43370,52523,47605,40070,41264,46235,38937,48485,52418
2733,Error,Error,Error,Error,Error
2755,46095,53433,46263,46094,42469,43337,41232,47797,52486,33084,53497
2798,Error,Error,Error,Error,Error
2990,41292,53520,53640,44841,46536,40070,41264,48485,46235,38937,52418
3103,46109,45267,53464,44987,47803,41258,47824,43384,38642,44832,52491
3125,Error,Error,Error,Error,Error
3182,45267,46109,52766,47803,53464,47824,41258,52491,43384,38642,44832
3233,45267,46109,42358,44987,47803,47824,52491,41258,38642,43384,44832
3255,42051,45267,52766,47803,42358,43384,52491,41258,47824,44832,38642
3304,45267,46109,44987,47803,42358,41258,52491,47824,44832,43384,38642
3329,46109,47803,45267,44987,42358,47824,44832,41258,52491,43384,38642
3370,Error,Error,Error,Error,Error
3394,45267,46109,47803,42358,44987,41258,43384,47824,38642,44832,52491
3416,47803,46109,52766,52660,53464,52491,38642,41258,43384,44832,47824
3438,45267,46109,41320,47803,53464,47824,44832,38642,52491,43384,41258
3539,45267,46109,47803,52766,53464,43384,47824,38642,41258,52491,44832
3561,Error,Error,Error,Error,Error
3673,43370,41238,41292,52523,47605,40070,38937,46235,41264,48485,52418
3756,52523,41292,43370,47605,44841,48485,38937,40070,52418,41264,46235
78,42500,52441,53434,43344,44860,53475,38553,43045,47794,41619,52409
123,53434,43344,52441,42500,44860,52409,38553,47794,53475,41619,43045
145,53434,52441,43344,44927,42500,43045,47794,53475,38553,41619,52409
169,53434,43344,47835,52441,44860,52409,53475,38553,41619,43045,47794
200,47835,43344,53434,52441,44860,41619,52409,53475,43045,38553,47794
239,53434,43344,52441,42500,44927,41619,53475,38553,43045,47794,52409
299,47808,42721,53456,45268,39996,41222,48220,46101,38557,47906,46284
321,Error,Error,Error,Error,Error
342,47808,46155,52500,45268,39996,46101,46284,41222,47906,48220,38557
385,Error,Error,Error,Error,Error
471,53434,52441,43344,42500,44927,38553,47794,53475,43045,41619,52409
493,53434,43344,52441,42500,44927,43045,41619,52409,47794,38553,53475
540,53434,42500,43344,52441,44860,52409,43045,53475,47794,38553,41619
564,53434,43344,52441,44927,42500,38553,53475,52409,41619,43045,47794
641,Error,Error,Error,Error,Error
663,53456,46155,47808,47852,41332,46284,47906,38557,41222,48220,46101
731,44860,53434,42500,43344,52441,47794,38553,53475,52409,41619,43045
755,53434,52441,43344,42500,44927,38553,41619,52409,43045,53475,47794
851,47808,53456,46155,45268,41332,41222,46284,46101,38557,47906,48220
875,47808,46155,41332,53456,45268,46101,41222,46284,47906,48220,38557
924,52500,46155,47808,53456,53180,46101,38557,46284,41222,48220,47906
973,47808,53456,52500,46155,39996,46284,47906,46101,48220,41222,38557
1167,Error,Error,Error,Error,Error
1191,Error,Error,Error,Error,Error
1213,Error,Error,Error,Error,Error
1267,Error,Error,Error,Error,Error
1305,43399,52465,44881,39989,47853,42400,34452,46180,46102,47952,30869
1340,42500,52673,46322,44860,47835,38553,53475,47794,52409,41619,43045
1420,53456,47808,53180,45268,42721,41222,46284,38557,52514,46101,47906
1442,Error,Error,Error,Error,Error
1463,Error,Error,Error,Error,Error
1484,53456,47808,46155,39996,45268,52514,47906,46284,41222,38557,46101
1684,43344,53434,52441,42500,44927,43045,47794,41619,38553,52409,53475
1708,52441,53434,43344,42500,44927,38553,47794,53475,52409,43045,41619
1732,43344,52441,42500,53434,44927,41619,47794,53475,52409,38553,43045
1756,43344,53434,52441,42500,44927,53475,47794,52409,43045,41619,38553
1780,52441,53434,42500,43344,44927,52409,38553,47794,41619,43045,53475
1825,52441,43344,53434,42500,44927,47794,38553,41619,52409,43045,53475
1849,53434,43344,52441,42500,44927,53475,52409,47794,43045,41619,38553
1918,43344,52441,53434,44927,42500,53475,41619,38553,52409,43045,47794
2055,52500,47808,53456,47906,46101,41222,46284,45268,38557,52514,53180
2079,47808,53456,52500,53180,45268,47906,46101,46284,38557,41222,52514
2134,48471,53434,52441,44860,47835,52409,38553,53475,43045,41619,47794
2179,53434,46322,43344,47835,44860,53475,47794,38553,43045,41619,52409
2210,53434,42500,52441,43344,44860,52409,41619,53475,38553,47794,43045
2273,47808,53456,46155,45268,39996,41222,52514,46284,46101,47906,38557
2297,47808,46155,47852,39996,45268,38557,41222,47906,46101,46284,52514
2388,46155,53180,47808,45268,53456,46284,46101,47906,52514,38557,41222
2422,Error,Error,Error,Error,Error
2477,42500,53434,43344,52441,44860,53475,52409,41619,43045,47794,38553
2522,53434,43344,42500,52441,44927,52409,43045,41619,38553,53475,47794
2599,46155,53456,47808,52500,41332,41222,46284,46101,38557,52514,47906
2621,Error,Error,Error,Error,Error
2641,46155,52500,53456,47808,39996,46101,46284,41222,52514,47906,38557
2690,52441,43344,53434,42500,44860,38553,53475,41619,43045,52409,47794
2714,43344,53434,42500,52441,44860,53475,47794,38553,43045,52409,41619
2760,53434,43344,52441,53475,38553,42500,44927,52409,47794,41619,43045
2810,46322,53434,43344,47835,44860,47794,38553,43045,41619,52409,53475
2832,43344,52441,53434,44927,42500,38553,41619,53475,52409,43045,47794
2872,53434,43344,48471,42500,44860,53475,38553,43045,47794,52409,41619
2901,Error,Error,Error,Error,Error
2979,52441,53434,42500,43344,44860,38553,41619,53475,43045,47794,52409
3001,43344,53434,52441,44927,42500,38553,47794,41619,52409,43045,53475
3028,Error,Error,Error,Error,Error
3070,47808,45268,42721,53180,46155,52514,41222,46101,46284,47906,38557
3115,Error,Error,Error,Error,Error
3152,Error,Error,Error,Error,Error
3176,47808,52500,52609,46155,41332,41222,46101,46284,38557,52514,47906
3198,47808,52609,52500,46155,41332,46284,46101,47906,52514,41222,38557
3220,44931,46111,53435,46192,52922,53471,52447,42924,42565,52426,52413
3368,Error,Error,Error,Error,Error
3392,53456,47808,53180,47852,46155,46284,47906,41222,38557,46101,52514
3414,52500,53456,47808,46155,53180,41222,38557,52514,46101,47906,46284
3442,Error,Error,Error,Error,Error
3526,53456,47808,46155,53180,45268,46284,38557,47906,41222,52514,46101
3649,Error,Error,Error,Error,Error
3683,Error,Error,Error,Error,Error
3705,Error,Error,Error,Error,Error
3843,Error,Error,Error,Error,Error
3873,Error,Error,Error,Error,Error
3897,Error,Error,Error,Error,Error
3925,Error,Error,Error,Error,Error
3949,Error,Error,Error,Error,Error
3971,Error,Error,Error,Error,Error
3993,Error,Error,Error,Error,Error
4015,Error,Error,Error,Error,Error
55,41282,46705,45635,30842,44995,53571,41296,29851,44068,52600,47827
124,45635,37139,41282,46705,44995,53571,41296,47827,52600,29851,44068
148,46276,46705,37139,52502,44995,52600,44068,41296,29851,53571,47827
170,46276,46705,45635,30842,44995,41296,47827,44068,52600,53571,29851
215,Error,Error,Error,Error,Error
234,Error,Error,Error,Error,Error
300,41282,37139,45635,46705,44995,47827,41296,53571,44068,52600,29851
324,45635,37139,44995,41282,46705,44068,47827,52600,53571,41296,29851
425,Error,Error,Error,Error,Error
538,Error,Error,Error,Error,Error
562,Error,Error,Error,Error,Error
661,Error,Error,Error,Error,Error
766,Error,Error,Error,Error,Error
827,Error,Error,Error,Error,Error
893,Error,Error,Error,Error,Error
914,Error,Error,Error,Error,Error
959,46705,41282,53514,45635,44995,52600,44068,47827,53571,41296,29851
983,41282,45635,46705,53685,44995,44068,52600,41296,29851,47827,53571
1007,37139,46705,41282,44995,30842,44068,53571,47827,29851,41296,52600
1055,37139,41282,46276,45635,52470,41296,52600,53571,44068,29851,47827
1100,Error,Error,Error,Error,Error
1119,Error,Error,Error,Error,Error
1140,46705,45635,37139,44995,41282,53571,41296,47827,52600,44068,29851
1202,Error,Error,Error,Error,Error
1268,Error,Error,Error,Error,Error
1290,Error,Error,Error,Error,Error
1312,37139,41282,46705,44995,30842,44068,29851,47827,41296,52600,53571
1407,41282,46705,45635,37139,44995,44068,47827,53571,29851,41296,52600
1513,46705,37139,41282,45635,44995,41296,47827,29851,53571,44068,52600
1537,46705,45635,41282,37139,44995,41296,47827,52600,44068,53571,29851
1578,45635,37139,41282,46705,44995,41296,53571,29851,44068,52600,47827
1762,Error,Error,Error,Error,Error
1836,41282,45635,46705,44995,37139,47827,53571,52600,29851,44068,41296
1899,Error,Error,Error,Error,Error
1955,Error,Error,Error,Error,Error
1984,Error,Error,Error,Error,Error
2029,Error,Error,Error,Error,Error
2074,Error,Error,Error,Error,Error
2098,Error,Error,Error,Error,Error
2145,Error,Error,Error,Error,Error
2403,41282,37139,46705,45635,52470,44068,47827,41296,53571,29851,52600
2635,Error,Error,Error,Error,Error
2657,Error,Error,Error,Error,Error
2744,41282,46705,37139,30842,44995,53571,52600,41296,29851,47827,44068
2837,45635,41282,37139,46705,44995,52600,41296,53571,44068,47827,29851
2861,41282,37139,46705,52502,44995,29851,41296,52600,47827,53571,44068
2915,37139,41282,46705,44995,30842,52600,47827,53571,44068,41296,29851
2954,41282,45635,46705,37139,44995,53571,41296,52600,44068,29851,47827
2989,41282,45635,44995,37139,46705,47827,41296,29851,44068,52600,53571
3052,Error,Error,Error,Error,Error
3074,Error,Error,Error,Error,Error
3098,Error,Error,Error,Error,Error
3122,Error,Error,Error,Error,Error
3178,Error,Error,Error,Error,Error
3221,Error,Error,Error,Error,Error
3245,Error,Error,Error,Error,Error
3298,Error,Error,Error,Error,Error
3320,Error,Error,Error,Error,Error
3344,Error,Error,Error,Error,Error
3371,41282,30842,46705,45635,52470,41296,47827,44068,29851,53571,52600
3432,Error,Error,Error,Error,Error
3456,Error,Error,Error,Error,Error
3485,Error,Error,Error,Error,Error
3504,Error,Error,Error,Error,Error
3528,Error,Error,Error,Error,Error
3743,Error,Error,Error,Error,Error
3788,Error,Error,Error,Error,Error
3810,Error,Error,Error,Error,Error
3839,Error,Error,Error,Error,Error
3861,Error,Error,Error,Error,Error
3885,Error,Error,Error,Error,Error
3904,Error,Error,Error,Error,Error
3951,Error,Error,Error,Error,Error
100,48480,46111,53435,41506,42837,52413,53471,42565,52426,42924,52447
181,48480,53435,46111,45050,48017,52426,52413,42565,52447,53471,42924
263,48480,46192,48017,45050,44857,52413,42565,52447,42924,52426,53471
287,44931,46111,46192,48017,44857,52413,52426,42565,42924,53471,52447
382,53435,46111,48017,45050,44931,52413,52426,42565,52447,42924,53471
459,46095,46263,43429,53433,39975,41232,53497,43337,52486,47797,33084
483,46095,53433,46094,46263,42469,47797,33084,43337,41232,52486,53497
557,44931,45050,48017,46192,44857,42565,53471,42924,52447,52413,52426
581,44931,45050,53435,44857,52922,53471,42924,42565,52426,52413,52447
624,46095,53433,39975,46094,42469,43337,53497,47797,33084,41232,52486
648,53433,39975,46094,42469,37234,41232,43337,52486,47797,33084,53497
741,39975,37234,46094,53433,42469,53497,41232,47797,52486,43337,33084
786,Error,Error,Error,Error,Error
852,46095,53433,46094,39975,42469,53497,43337,52486,47797,41232,33084
910,53435,52922,46192,46111,44857,52413,42565,42924,53471,52426,52447
934,Error,Error,Error,Error,Error
1000,48480,53435,44857,52922,46192,53471,52447,52426,42565,52413,42924
1145,46095,46263,39975,42469,46094,43337,52486,47797,41232,33084,53497
1215,53433,46263,48374,46094,39975,47797,41232,53497,33084,52486,43337
1260,46094,46095,46263,39975,42469,43337,53497,47797,33084,52486,41232
1284,53433,42469,46094,46095,39975,43337,47797,53497,52486,41232,33084
1327,44953,46094,46095,37234,53433,47797,41232,43337,52486,53497,33084
1511,53435,48480,46111,46192,48017,52413,53471,52447,52426,42924,42565
1601,53435,46111,48480,46192,48017,42565,52447,53471,42924,52426,52413
1646,46111,46192,48480,53435,48017,52426,52447,42924,52413,42565,53471
1713,46263,43429,46094,46095,42469,43337,47797,52486,41232,33084,53497
1754,46095,53433,43429,46263,42469,41232,53497,43337,47797,52486,33084
1795,Error,Error,Error,Error,Error
1824,46095,43429,53433,46263,42469,47797,43337,41232,33084,53497,52486
1949,53433,46095,39975,42469,46094,43337,53497,47797,33084,41232,52486
2002,46263,46095,39975,46094,37234,47797,53497,43337,33084,41232,52486
2121,Error,Error,Error,Error,Error
2140,44931,46192,46111,48017,53435,52413,53471,52426,42565,52447,42924
2237,46263,37234,46095,44953,41808,53497,41232,47797,33084,52486,43337
2259,46095,46263,53433,39975,42469,41232,33084,52486,43337,47797,53497
2308,53435,48480,46111,44857,48017,42924,52447,42565,52426,53471,52413
2375,53435,46111,44931,44857,48017,53471,42565,52413,42924,52447,52426
2425,44931,53435,46111,44857,52922,52426,42565,53471,42924,52447,52413
2491,Error,Error,Error,Error,Error
2538,44857,46111,46192,48017,44931,52413,52447,42565,42924,52426,53471
2594,53433,46095,39975,46094,42469,53497,47797,33084,43337,41232,52486
2616,46263,39975,53433,46095,46094,53497,33084,41232,47797,52486,43337
2638,46263,46095,53433,39975,42469,47797,41232,53497,52486,43337,33084
2683,Error,Error,Error,Error,Error
2707,46095,46263,43429,39975,37234,43337,41232,47797,53497,33084,52486
2811,53435,44931,46111,52922,44857,53471,52413,42924,52426,42565,52447
2888,Error,Error,Error,Error,Error
2986,46095,53433,39975,42469,46094,41232,43337,47797,52486,53497,33084
3008,46094,53433,46095,39975,42469,43337,53497,41232,47797,33084,52486
3034,48017,46111,44931,44857,53435,42565,42924,52447,52413,52426,53471
3081,39975,53433,46094,46095,42469,33084,43337,41232,47797,52486,53497
3191,53435,46111,46192,44931,52922,53471,52426,52447,42924,42565,52413
3244,53435,44931,46111,46192,52922,52413,42924,52426,42565,53471,52447
3289,53435,46111,45050,44857,48017,42924,52447,53471,52426,42565,52413
3490,53433,46263,46095,46094,42469,53497,52486,33084,43337,41232,47797
3512,46263,53433,46095,43429,39975,33084,52486,41232,47797,43337,53497
3578,48374,53433,42469,46094,39975,43337,47797,52486,41232,53497,33084
3689,46111,53435,44931,44857,52922,52426,53471,42924,42565,52447,52413
3842,46111,44857,53435,48017,44931,52447,42565,52426,52413,53471,42924
3870,44931,53435,46111,45050,48017,42565,52426,53471,42924,52447,52413
3922,Error,Error,Error,Error,Error
4035,53433,39975,37234,46094,42469,53497,43337,47797,41232,52486,33084
94,45185,47815,44912,43324,47870,42883,43510,53444,46092,52590,42474
286,Error,Error,Error,Error,Error
351,44912,48097,42363,47870,42474,43510,42883,46092,53444,52590,52603
515,42448,53536,53463,44817,40149,43586,39684,53443,43433,53431,41295
537,44817,53536,53463,42448,40149,39684,43586,41295,43433,53431,53443
559,53463,42448,44817,47969,40149,39684,53443,43433,41295,53431,43586
681,Error,Error,Error,Error,Error
797,42363,44912,43324,48097,53000,46092,42474,42883,52590,43510,53444
819,42363,48097,44912,53000,43510,52603,53444,52590,42883,42474,46092
948,48097,44912,42363,47749,47870,43510,52590,46092,42883,42474,53444
970,42363,43324,48097,47870,45185,46092,42474,42883,52590,43510,53444
994,42363,45185,48097,43324,39212,42474,46092,42883,53444,52590,43510
1066,42448,40149,45555,44817,53536,39684,43433,53431,41295,43586,53443
1090,42448,45555,44817,53536,40149,43586,53443,53431,39684,43433,41295
1112,45555,44817,40149,47969,42448,43586,39684,53443,43433,41295,53431
1141,45555,44817,47969,42448,40149,43433,39684,53431,43586,53443,41295
1347,Error,Error,Error,Error,Error
1369,42363,45185,48097,43324,47870,42883,46092,42474,52590,53444,43510
1391,47815,48097,45185,43324,39212,46092,43510,42474,52590,53444,42883
1436,48097,42363,44912,47749,47870,53444,42474,42883,43510,46092,52590
1481,42363,45185,48097,43324,39212,46092,42883,43510,52590,42474,53444
1524,Error,Error,Error,Error,Error
1573,42363,43324,48097,47749,47870,42883,53444,46092,43510,52590,42474
1712,Error,Error,Error,Error,Error
1741,Error,Error,Error,Error,Error
1791,Error,Error,Error,Error,Error
1874,Error,Error,Error,Error,Error
1898,45185,42363,43324,48097,39212,42474,46092,42883,52590,53444,43510
1920,43324,42363,45185,48097,39212,42883,52590,43510,42474,53444,46092
2141,48097,43324,45185,47815,39212,53444,43510,42474,52590,42883,46092
2170,45185,42363,48097,43324,39212,52590,46092,42474,42883,53444,43510
2203,45185,42363,43324,48097,47870,42883,46092,52590,53444,43510,42474
2271,Error,Error,Error,Error,Error
2293,Error,Error,Error,Error,Error
2429,Error,Error,Error,Error,Error
2453,Error,Error,Error,Error,Error
2506,Error,Error,Error,Error,Error
2598,48097,43324,47815,53000,45185,53444,43510,42883,52590,42474,46092
2650,42363,39212,43324,45185,48097,42474,42883,53444,43510,52590,46092
2679,45185,43324,48097,42363,47870,46092,52590,42883,43510,42474,53444
2786,42363,43324,48097,45185,39212,46092,52590,43510,42474,53444,42883
2839,Error,Error,Error,Error,Error
2863,Error,Error,Error,Error,Error
2885,Error,Error,Error,Error,Error
2909,Error,Error,Error,Error,Error
2959,Error,Error,Error,Error,Error
3041,Error,Error,Error,Error,Error
3062,43324,48097,47815,45185,39212,42474,46092,42883,43510,53444,52590
3185,Error,Error,Error,Error,Error
3207,Error,Error,Error,Error,Error
3308,42363,47815,48097,43324,39212,42474,42883,46092,53444,43510,52590
3332,42363,48097,43324,47749,47870,42474,43510,42883,46092,53444,52590
3418,Error,Error,Error,Error,Error
3452,Error,Error,Error,Error,Error
3474,Error,Error,Error,Error,Error
3496,Error,Error,Error,Error,Error
3525,Error,Error,Error,Error,Error
3559,Error,Error,Error,Error,Error
3588,Error,Error,Error,Error,Error
3610,Error,Error,Error,Error,Error
3653,43324,47815,48097,45185,53000,43510,46092,41069,42883,52590,53444
3682,45185,47815,48097,39212,43324,41069,46092,53444,43510,42883,52590
3777,Error,Error,Error,Error,Error
3822,Error,Error,Error,Error,Error
3846,Error,Error,Error,Error,Error
3868,Error,Error,Error,Error,Error
4039,Error,Error,Error,Error,Error
4198,Error,Error,Error,Error,Error
4222,Error,Error,Error,Error,Error
108,46093,46170,43808,53555,53512,44876,42424,53499,47919,46072,41436
242,46093,46542,43808,53512,46140,41436,46072,42424,44876,47919,53499
266,46093,43808,46542,46170,46140,47919,53499,42424,46072,44876,41436
328,46542,53512,46093,43808,46140,41436,46072,42424,44876,53499,47919
417,47954,44821,46113,44835,43425,46103,43695,52507,37090,47789,46090
573,Error,Error,Error,Error,Error
597,Error,Error,Error,Error,Error
650,37118,47954,44821,44835,43425,43695,47789,46090,52507,46103,37090
742,47954,46113,44821,37118,43425,47789,43695,46090,46103,52507,37090
782,48489,47959,37118,43425,43880,46103,37090,46090,47789,52507,43695
858,44835,37118,43880,47959,43425,43695,52507,46103,37090,47789,46090
964,Error,Error,Error,Error,Error
986,53633,43808,46093,53512,46140,46072,47919,41436,44876,53499,42424
1065,48489,46113,43425,44835,52573,52507,46090,47789,46103,43695,37090
1148,46113,48489,52573,44835,43425,52507,43695,46090,46103,37090,47789
1170,47954,44835,46113,44821,43425,46103,43695,46090,52507,47789,37090
1278,53555,53512,43808,46093,46170,46072,41436,47919,44876,42424,53499
1325,44821,47954,37118,47959,43880,37090,46103,47789,43695,52507,46090
1370,44821,44835,47954,43880,37118,47789,46103,46090,43695,52507,37090
1415,Error,Error,Error,Error,Error
1471,Error,Error,Error,Error,Error
1515,43808,46093,46170,46140,46542,53499,44876,41436,47919,42424,46072
1560,46542,46093,43808,46170,46140,44876,41436,53499,47919,42424,46072
1584,46542,43808,46093,46140,53512,41436,42424,47919,44876,46072,53499
1653,46093,46170,46542,43808,53555,47919,42424,46072,41436,44876,53499
1698,46093,46542,53512,46140,46170,53499,47919,41436,42424,46072,44876
1731,46093,43808,53512,46170,53555,46072,42424,41436,47919,44876,53499
1799,44821,47954,44835,46113,43425,43695,52507,46090,37090,46103,47789
1823,47954,44835,44821,46113,43425,37090,46103,47789,52507,43695,46090
1856,46113,44821,47954,47959,43425,43695,52507,46103,46090,37090,47789
1897,47954,44821,46113,37118,43425,47789,46103,52507,46090,43695,37090
1921,46113,44821,47954,37118,43425,46090,46103,37090,43695,47789,52507
2071,43808,46170,46093,46542,53555,46072,44876,47919,41436,42424,53499
2095,46542,43808,46170,46093,53555,47919,44876,41436,46072,53499,42424
2208,47954,44821,37118,47959,43425,46090,37090,47789,46103,43695,52507
2263,Error,Error,Error,Error,Error
2321,43808,46093,46170,53633,53512,47919,53499,42424,44876,46072,41436
2345,43808,46093,53512,53555,46170,53499,42424,41436,46072,47919,44876
2470,52573,46113,48489,47959,43425,46090,47789,43695,52507,46103,37090
2557,53633,46093,43808,53512,46140,47995,46072,53499,44876,47919,41436
2602,43808,46093,45594,53512,46140,41436,44876,47995,53499,46072,47919
2652,44821,46113,47954,37118,43425,47789,46090,37090,52507,43695,46103
2705,47954,44835,44821,46113,43425,52507,43695,37090,47789,46103,46090
2729,46113,47954,44821,43425,44835,46090,52507,47789,46103,37090,43695
2980,43808,46093,53512,53633,53555,47995,41436,47919,46072,53499,44876
3031,Error,Error,Error,Error,Error
3102,47954,44821,44835,37118,43425,47789,43695,46103,52507,46090,37090
3147,44821,44835,47954,37118,43425,37090,43695,46090,46323,47789,46103
3173,52573,47954,46113,47959,43425,47789,46323,37090,43695,46090,46103
3212,46113,48489,47954,37118,43425,47789,43695,46103,46323,37090,46090
3309,Error,Error,Error,Error,Error
3366,Error,Error,Error,Error,Error
3431,37118,48489,52573,44835,43425,46103,47789,46090,37090,52507,43695
3529,52573,48489,37118,44835,43425,46090,47789,52507,46103,37090,43695
3572,44835,47954,44821,37118,43880,47789,37090,43695,46103,52507,46090
3617,37118,52573,48489,43880,47959,37090,46090,43695,47789,52507,46103
3694,Error,Error,Error,Error,Error
3716,Error,Error,Error,Error,Error
3738,Error,Error,Error,Error,Error
3757,Error,Error,Error,Error,Error
3856,Error,Error,Error,Error,Error
3880,Error,Error,Error,Error,Error
3902,Error,Error,Error,Error,Error
3924,Error,Error,Error,Error,Error
3946,Error,Error,Error,Error,Error
3967,Error,Error,Error,Error,Error
3996,Error,Error,Error,Error,Error
4018,Error,Error,Error,Error,Error
4040,Error,Error,Error,Error,Error
4074,Error,Error,Error,Error,Error
64,37079,47834,48207,43334,42589,38538,42952,38629,47865,40124,35472
109,42589,47834,37079,48207,43334,47865,38629,42952,35472,38538,40124
159,44003,53074,48207,43334,42589,35472,38629,40124,38538,42952,47865
192,47834,37079,42486,53074,43334,38538,38629,42952,40124,47865,35472
360,43454,43415,46522,40011,46526,53492,44822,43367,53655,39146,46152
389,47839,43454,39646,40011,46526,44822,43367,53492,39146,53655,46152
457,43454,39646,47839,40011,46526,39146,53655,44822,43367,46152,53492
481,Error,Error,Error,Error,Error
507,43415,43454,47839,40011,46526,53655,44822,39146,46152,53492,43367
826,37079,47834,45355,44930,44975,42952,47865,40124,38538,38629,53482
903,43454,43415,40011,46526,42460,46152,44822,53655,39146,53492,43367
965,46522,40011,47839,43415,41325,43367,53655,39146,46152,44822,53492
1050,53074,44003,42589,42486,52501,42952,47865,40124,38629,35472,38538
1074,47834,37079,45355,44930,44975,38629,38538,40124,35472,42952,47865
1182,44003,47834,42486,53074,52501,38629,47865,40124,42952,35472,38538
1234,37079,47834,44930,43334,42589,40124,38538,38629,35472,47865,42569
1277,37079,44930,47834,45355,44975,40124,38538,38629,35472,47865,42569
1333,43454,39646,47839,46526,40011,53492,46152,44822,53655,43367,39146
1380,37079,47834,44930,42589,43334,38629,40124,38538,42569,35472,47865
1404,44003,47834,53074,42486,42589,38538,42569,38629,47865,40124,35472
1479,44930,37079,47834,42486,43334,38538,38629,40124,47865,42569,35472
1503,37079,45355,47834,43334,42589,35472,40124,38538,47865,38629,42569
1548,Error,Error,Error,Error,Error
1625,Error,Error,Error,Error,Error
1665,43415,47839,43454,40011,41325,46152,43367,44822,39146,53655,53492
1721,47839,43454,40011,43415,41325,43367,46152,39146,53655,44822,53492
1743,Error,Error,Error,Error,Error
1801,47834,44003,44930,42589,43334,38538,40124,38629,35472,42569,47865
1850,44930,45355,47834,44003,44975,42569,38629,47865,40124,38538,53482
1940,Error,Error,Error,Error,Error
2070,43454,39646,40011,47839,46526,53655,44822,53492,43367,46152,39146
2124,Error,Error,Error,Error,Error
2191,43454,43415,46522,40011,46526,44822,46152,39146,53492,53655,43367
2215,Error,Error,Error,Error,Error
2391,44930,44003,53074,42486,43334,42569,38629,47865,40124,38538,35472
2507,44930,45355,44003,47834,52501,35472,38538,40124,38629,47865,42569
2531,42486,37079,47834,45355,43334,38629,53482,40124,38538,42569,35472
2580,47834,37079,44930,43334,42486,38538,42569,38629,53482,35472,40124
2625,40092,46160,53098,52513,44879,52666,44844,40023,47831,52432,42344
2647,47834,42589,42486,48207,43334,38538,40124,38629,42569,53482,35472
2697,46522,43415,47839,40011,46526,39146,43367,53655,53492,44822,46152
2732,40011,43454,43415,46522,46526,44822,53655,43367,53492,46152,39146
2754,52433,38613,47819,53623,46331,45069,34472,41291,46078,42371,53584
2778,46522,43415,53591,43454,46526,39146,53655,53492,43367,44822,46152
2881,43454,47839,43415,40011,46526,43367,39146,53655,44822,53492,46152
2903,43415,43454,40011,46522,41325,44822,53655,43367,46152,39146,53492
3068,43415,43454,46522,40011,46526,44822,43367,53655,53492,46152,39146
3090,43454,40011,43415,46526,46522,53655,44822,53492,43367,46152,39146
3114,43454,43415,40011,47839,46526,44822,53492,46152,43367,53655,39146
3138,43454,43415,40011,47839,46526,53655,46152,53492,43367,44822,39146
3162,43454,40011,43415,47839,46526,39146,53655,44822,53492,43367,46152
3186,43415,47839,43454,53591,46526,53655,43367,44822,53492,46152,39146
3210,46522,43415,47839,53591,46526,43367,44822,39146,53655,53492,46152
3232,Error,Error,Error,Error,Error
3258,43454,43415,40011,41325,46522,39146,46152,53655,53492,43367,44822
3280,Error,Error,Error,Error,Error
3312,47839,43415,43454,53591,41325,39146,53655,44822,53492,43367,46152
3334,45369,40011,43415,46522,41325,44822,53492,39146,46152,43367,53655
3358,Error,Error,Error,Error,Error
3380,43415,40011,46522,45369,46526,44822,39146,53655,43367,46152,53492
3421,Error,Error,Error,Error,Error
3443,Error,Error,Error,Error,Error
3462,Error,Error,Error,Error,Error
3484,Error,Error,Error,Error,Error
3666,Error,Error,Error,Error,Error
3690,Error,Error,Error,Error,Error
3714,Error,Error,Error,Error,Error
3736,Error,Error,Error,Error,Error
3760,Error,Error,Error,Error,Error
3782,Error,Error,Error,Error,Error
3806,Error,Error,Error,Error,Error
3845,Error,Error,Error,Error,Error
4027,Error,Error,Error,Error,Error
4051,Error,Error,Error,Error,Error
4077,Error,Error,Error,Error,Error
4101,Error,Error,Error,Error,Error
4123,Error,Error,Error,Error,Error
4177,Error,Error,Error,Error,Error
4201,Error,Error,Error,Error,Error
96,43584,43746,47791,53541,52443,53436,48455,43290,43453,46679,52483
120,43584,47791,39907,43746,52443,43290,53436,48455,52483,43453,46679
325,47791,43584,48680,53541,52443,43453,52483,48455,43290,46679,53436
460,53541,43746,47791,43584,44947,43290,53436,46679,52483,48455,43453
523,43399,52465,44881,39989,47853,47952,46180,34452,42400,30869,46102
652,39989,43399,44881,52465,47853,46102,42400,47952,34452,30869,46180
705,52465,47853,44881,39989,43399,47952,46102,46180,34452,42400,30869
740,39989,52465,43399,47853,44881,46102,30869,47952,34452,42400,46180
825,Error,Error,Error,Error,Error
896,Error,Error,Error,Error,Error
990,46992,53541,47791,43584,52443,52483,53436,48455,43453,43290,46679
1094,33130,44881,52465,43399,47853,46180,42400,47952,34452,30869,46102
1116,52465,43399,44881,39989,47853,46180,47952,46102,34452,42400,30869
1194,39989,52465,44881,43399,47853,34452,46102,30869,42400,46180,47952
1239,39989,44881,43399,52465,47853,34452,46180,46102,30869,42400,47952
1355,47853,39989,52465,43399,44881,30869,34452,42400,46102,47952,46180
1377,52465,44881,43399,39989,46100,46180,42400,47952,46102,30869,34452
1433,46992,39907,43584,53959,52443,48455,46679,53436,43453,43290,52483
1609,44881,39989,43399,52465,47853,47952,42400,46102,34452,30869,46180
1693,Error,Error,Error,Error,Error
1783,52465,43399,39989,44881,47853,34452,46102,46180,30869,42400,47952
1848,39989,44881,52465,43399,47853,47952,42400,30869,46102,34452,46180
1870,47853,52465,43399,39989,44881,42400,47952,46180,30869,34452,46102
1973,43584,43746,47791,39907,52443,48455,43453,52483,43290,53436,46679
1997,Error,Error,Error,Error,Error
2021,43584,43746,47791,53541,52443,46679,43453,52483,48455,53436,43290
2062,53541,47791,43584,43746,52443,53436,43453,46679,48455,43290,52483
2143,43746,53541,47791,43584,52443,46679,43453,52483,48455,53436,43290
2165,47791,43584,43746,53541,52443,43290,46679,53436,48455,43453,52483
2304,52465,39989,44881,43399,47853,46180,30869,34452,42400,47952,46102
2326,33130,39989,43399,44881,47853,47952,30869,34452,46102,46180,42400
2359,43399,52465,39989,44881,47853,34452,46180,30869,47952,42400,46102
2383,33130,44881,39989,47853,43399,46102,34452,42400,47952,30869,46180
2412,39989,33130,43399,44881,47853,42400,47952,46102,30869,34452,46180
2434,Error,Error,Error,Error,Error
2494,43399,44881,52465,39989,47853,42400,46102,47952,46180,30869,34452
2537,Error,Error,Error,Error,Error
2609,Error,Error,Error,Error,Error
2724,46992,53541,43584,47791,52443,52483,43453,53436,46679,43290,48455
2790,39989,43399,52465,44881,46100,30869,47952,34452,46102,42400,46180
2814,39989,44881,46100,43399,52465,42400,46102,34452,46180,30869,47952
2931,43399,39989,44881,52465,46100,47952,46180,46102,42400,34452,30869
2981,43399,39989,44881,52465,46100,42400,34452,30869,46180,46102,47952
3025,39907,43584,43746,52443,44947,43290,43453,46679,48455,53436,52483
3075,53541,48680,43746,47791,44947,43453,46679,43290,48455,53436,52483
3108,Error,Error,Error,Error,Error
3187,39989,52465,44881,43399,47853,42400,46102,47952,34452,30869,46180
3246,43399,44881,39989,52465,47853,42400,46102,46180,34452,47952,30869
3268,44881,39989,43399,52465,47853,34452,46180,42400,47952,30869,46102
3316,52465,43399,44881,39989,47853,34452,47952,46102,42400,30869,46180
3350,52465,39989,44881,43399,47853,30869,47952,46102,46180,42400,34452
3383,47853,39989,44881,43399,52465,46180,34452,46102,30869,47952,42400
3407,52465,44881,39989,43399,47853,46180,46102,42400,30869,47952,34452
3507,Error,Error,Error,Error,Error
3553,39907,46992,43584,47791,52443,48455,43290,53436,43453,46679,52483
3577,43584,46992,53541,47791,52443,48455,52483,43453,46679,53436,43290
3659,47791,46992,43584,52443,53541,53436,52483,46679,43453,48455,43290
3688,46992,53541,43584,47791,52443,48455,53436,43453,43290,46679,52483
3792,46992,39907,53541,43584,52443,43453,43290,53436,46679,52483,48455
3858,43584,53959,47791,39907,52443,52483,53436,43453,43290,48455,46679
3939,39989,52465,44881,43399,47853,46180,46102,34452,47952,42400,30869
4060,44881,39989,43399,52465,47853,46102,42400,47952,34452,30869,46180
4180,53541,46992,43584,47791,52443,53436,43453,48455,46679,52483,43290
4226,47791,53541,46992,48680,52443,53436,43453,52483,48455,46679,43290
4255,47791,53541,48680,46992,52443,53436,43453,52483,46679,48455,43290
61,52429,53439,46118,47836,52608,46302,52553,39950,53466,37266,52461
136,52608,46118,47840,47836,53946,52461,46302,39950,53466,52553,37266
223,Error,Error,Error,Error,Error
319,52489,52420,47932,47920,47807,53446,46134,41265,46084,48235,52517
427,52420,52489,47920,47932,44045,41265,46084,48235,53446,46134,52517
462,44849,52420,47920,43362,47932,53446,52517,41265,46134,48235,46084
510,52420,47932,52489,47807,47920,52517,48235,46084,41265,46134,53446
545,47932,47920,52489,52420,47807,46084,53446,41265,52517,46134,48235
569,52420,52489,47932,47920,44045,52517,41265,53446,46084,48235,46134
617,47836,52608,52429,53439,46118,46302,52553,39950,53466,37266,52461
728,52608,52429,46118,53439,53579,37266,46302,39950,52461,53466,52553
801,52489,52420,47932,47920,47807,52517,53446,41265,48235,46084,46134
868,52489,52420,47920,47932,47807,46084,53446,46134,48235,41265,52517
979,52420,47932,52489,43362,47920,46084,48235,52517,41265,53446,46134
1003,52420,47920,47932,43362,52489,46134,46084,53446,48235,41265,52517
1177,45102,52449,48118,40641,52442,42765,39947,43291,43307,46275,46075
1266,Error,Error,Error,Error,Error
1304,53724,52489,52420,47920,47807,46084,48235,46134,41265,53446,52517
1349,52420,47932,47920,52489,47807,41265,52517,53446,46084,48235,46134
1448,47932,52420,52489,47920,47807,52517,53446,41265,48235,46134,46084
1489,52420,52489,48233,47920,47807,53446,48235,41265,46134,46084,52517
1644,47920,52420,47932,52489,43362,48235,41265,52517,53446,46134,46084
1706,52420,47920,52489,47932,44045,48235,41265,52517,53446,46134,46084
1730,47932,52489,47920,52420,44045,53446,48235,46134,41265,52517,46084
1771,52420,47932,52489,47920,43362,52517,46134,48235,46084,41265,53446
1967,47920,52489,47932,52420,43362,46084,48235,53446,41265,52517,46134
1991,52420,52489,47920,43362,47932,41265,52517,46134,53446,46084,48235
2169,52429,53439,47840,53946,46270,52461,39950,46302,52553,37266,53466
2227,53439,52608,46118,52429,53579,52553,52461,46302,39950,37266,53466
2288,52420,47920,52489,44045,47932,52517,53446,41265,46134,48235,46084
2339,52420,52489,47920,48233,44045,53446,46134,46084,41265,52517,48235
2406,Error,Error,Error,Error,Error
2482,53439,52608,46118,46270,52429,53466,52461,46302,37266,39950,52553
2570,53439,46118,52429,52608,46270,37266,52553,53466,39950,46302,52461
2592,52429,45607,53439,46118,53579,53466,46302,52461,37266,52553,39950
2614,53439,52608,46118,52429,53579,52461,39950,37266,53466,46302,52553
2869,52608,53439,52429,46270,46118,52553,39950,52461,53466,46302,37266
2890,52429,53439,46118,46270,52608,53466,52461,39950,46302,52553,37266
2935,53439,53946,52608,46118,46270,39950,52553,53466,52461,37266,46302
3161,44849,41500,52489,47920,44045,46084,41265,53446,52517,48235,46134
3279,52608,53439,46270,53946,53579,52461,46302,37266,52553,39950,53466
3301,45607,52429,53439,46118,53579,46302,37266,52461,39950,53466,52553
3325,45607,46118,53439,52429,53579,46302,39950,52553,53466,37266,52461
3354,53439,46118,45607,52429,53579,46302,52553,39950,52461,37266,53466
3376,46118,45607,52608,52429,53579,52461,46302,39950,52553,53466,37266
3467,52608,53439,45607,46118,46270,53466,52461,52553,37266,39950,46302
3491,45607,53439,52429,46118,46270,52461,39950,53466,46302,37266,52553
3513,53439,52608,52429,46118,53579,37266,52461,46302,52553,53466,47805
3535,53439,52608,46118,52429,53579,52461,53466,46302,37266,47805,52553
3558,46118,53439,52608,52429,53579,52553,53466,46302,52461,37266,47805
3719,53439,52608,46118,52429,53579,52461,52553,37266,46302,47805,53466
3784,52429,46118,52608,53439,53579,52553,47805,37266,52461,46302,53466
3830,52429,52608,53439,46118,53579,52553,52461,37266,46302,53466,47805
3852,52429,45607,46118,53439,53579,52461,52553,53466,46302,37266,47805
3881,Error,Error,Error,Error,Error
3900,45607,52608,53439,46118,53579,47805,53466,52461,37266,52553,46302
85,39973,37077,39983,46203,40615,42367,47784,42476,38779,39965,52480
131,Error,Error,Error,Error,Error
199,42419,43396,41246,37101,45339,53496,41293,47838,52534,46143,47806
273,Error,Error,Error,Error,Error
353,Error,Error,Error,Error,Error
439,43396,41246,37101,45339,42419,52534,47838,53496,41293,46143,47806
484,42429,53518,46167,33566,41246,53496,47838,41293,46143,52534,47806
679,46671,47819,53623,52598,40078,53584,42371,46078,45069,41291,34472
761,41246,53518,33566,42429,46167,47806,52534,41293,53496,46143,47838
785,43396,41246,42419,45339,42429,47806,47838,41293,52534,53496,46143
900,46116,39973,44917,53478,46203,52480,39965,47784,42367,38779,42476
922,53478,37077,39973,39983,46203,38779,47784,39965,42367,42476,52480
967,39973,37077,46116,39983,46203,38779,39965,42476,52480,42367,47784
1083,39973,46116,53478,39983,46203,42476,47784,39965,38779,42367,52480
1105,46203,53478,46116,37077,39973,47784,42476,52480,39965,38779,42367
1129,Error,Error,Error,Error,Error
1385,53518,43396,41246,37101,45339,47838,41293,53496,46143,52534,47806
1414,Error,Error,Error,Error,Error
1521,39973,46116,37077,39983,46203,42367,38779,52480,42476,39965,47784
1566,37077,46116,39973,53478,46203,38779,39965,52480,42476,47784,42367
1616,39973,46116,39983,46203,40615,39965,42476,52480,42367,47784,38779
1749,42419,41246,43396,45339,37101,47806,46143,52534,53496,47838,41293
1872,39973,37077,53478,46116,46203,42476,47784,39965,38779,42367,52480
2009,Error,Error,Error,Error,Error
2039,Error,Error,Error,Error,Error
2075,48234,39983,39973,37077,46116,38779,52480,42367,47784,39965,42476
2172,41246,53518,45339,45321,37101,41293,53496,52534,46143,47806,41630
2260,46167,41246,37101,42419,45339,41630,52534,47806,53496,46143,41293
2317,41246,53518,46167,42429,33566,41293,41630,53496,46143,52534,47806
2451,39973,46116,37077,39983,46203,39965,42476,52480,42367,47784,38779
2496,46116,37077,39973,44917,46203,39965,52480,38779,42476,47784,42367
2520,46116,39983,40615,46203,44917,42476,38779,39965,52480,42367,47784
2576,41246,53518,42419,46167,42429,47806,41293,53496,52534,41630,46143
2728,Error,Error,Error,Error,Error
2781,39983,37077,39973,53478,46203,47784,39965,52480,42367,38779,42476
2831,41246,42419,43396,37101,45339,41293,52534,53496,41630,47806,46143
2855,53518,33566,41246,46167,37101,47806,41630,53496,41293,46143,52534
2929,39973,46116,37077,39983,46203,52480,47784,42367,39965,38779,42476
2969,37077,39973,46116,53478,46203,39965,42367,52480,47784,38779,42476
3037,42419,41246,33566,45339,42429,41293,53496,52534,41630,46143,47806
3101,41246,53518,42419,46167,42429,41293,53496,41630,52534,47806,46143
3313,42419,53518,41246,46167,42429,41293,53496,46143,52534,41630,47806
3585,Error,Error,Error,Error,Error
3614,41246,33566,46167,42429,53518,52534,41293,46143,41630,53496,47806
3626,41246,45321,42429,33566,53518,53496,47806,41630,52534,41293,46143
3668,Error,Error,Error,Error,Error
3698,42419,41246,37101,45339,46167,47806,46143,53496,41630,52534,41293
3720,37101,53518,41246,46167,45339,47806,53496,41630,52534,41293,46143
3744,53518,46167,33566,41246,40138,46143,53496,41293,47806,41630,52534
3766,Error,Error,Error,Error,Error
75,41290,52581,42503,53646,52451,53440,43345,52635,46108,48159,29550
104,52581,41290,52451,42503,53646,53440,48159,29550,43345,46108,52635
158,44896,41233,52569,44831,44816,42377,42404,46163,40151,25511,52421
288,Error,Error,Error,Error,Error
330,42899,53646,41290,52451,52581,52635,48159,53440,43345,29550,46108
403,44896,41233,42033,44816,52569,42404,52421,40151,46163,42377,25511
474,40092,53098,46160,42437,52513,47831,52432,44844,42356,40023,42344
498,40026,41290,52581,53646,52451,53440,52635,46108,48159,43345,29550
520,41290,53646,52581,40026,52451,43345,46108,53440,29550,48159,52635
551,42033,41233,52569,44896,44816,42404,52421,46163,40151,25511,42377
604,44896,41233,44767,44831,44816,46163,40151,52421,42377,42404,25511
628,41233,42033,44831,52569,44816,52421,42377,40151,42404,46163,25511
671,44896,42033,41233,52569,39985,42404,42377,46163,52421,25511,40151
769,52581,41290,40026,53646,46108,43345,48159,29550,53440,52635,52451
814,40026,52581,52451,41290,53646,46108,48159,52635,29550,53440,43345
843,44896,44767,41233,42033,44816,25511,46163,40151,52421,42377,42404
909,44896,42033,52569,41233,46107,42404,42377,46163,52421,40151,25511
931,41233,52569,42033,44896,39985,46163,40151,42377,42404,52421,25511
1035,40026,52451,52581,41290,41712,52635,48159,53440,43345,29550,46108
1064,52581,41290,52451,42899,41712,52635,46108,53440,48159,29550,43345
1154,41233,42033,44896,52569,44816,52421,42377,40151,42404,46163,25511
1176,44896,41233,52569,42033,44816,25511,42404,42377,46163,40151,52421
1198,41233,44767,44896,42033,39985,46163,42404,40151,42377,52421,25511
1314,52451,52581,42503,41290,53646,43345,48159,29550,52635,53440,46108
1365,41233,42033,44896,52569,44816,42377,42404,46163,52421,40151,25511
1387,44896,42033,44831,46544,44816,42404,46163,52421,42377,40151,25511
1409,41233,44896,44831,52569,39985,42377,52421,40151,42404,25511,46163
1451,41290,52581,52451,42503,53646,29550,46108,53440,48158,43345,48159
1496,Error,Error,Error,Error,Error
1559,41290,52451,40026,52581,53646,53440,48159,29550,48158,43345,46108
1659,52451,41290,48700,44009,53646,53440,48159,43345,29550,48158,46108
1757,41233,44896,44831,42033,44816,52421,25511,40151,46163,42377,42404
1781,41233,44767,52569,44816,44831,40151,42404,46163,52421,42377,25511
1882,52581,41290,40026,52451,53646,48159,29550,53440,46108,48158,43345
1932,40026,52581,41290,52451,53646,53440,48159,29550,48158,43345,46108
1954,Error,Error,Error,Error,Error
2016,44896,44767,41233,42033,39985,42377,42404,40151,25511,52421,46163
2038,52569,44896,42033,53558,39985,40151,46163,42404,52421,42377,25511
2261,44831,41233,44896,52569,44816,42377,52421,42404,25511,46163,40151
2283,41233,52569,42033,44896,44816,52421,46163,42377,40151,25511,42404
2305,41233,52569,44896,42033,44816,40151,42404,52421,42377,46163,25511
2423,44896,41233,44831,52569,44816,52421,40151,42377,42404,46163,25511
2515,41233,44831,52569,44896,44816,40151,42404,42377,52421,46163,25511
2627,41290,52581,42899,52451,53646,53440,48159,43345,48158,46108,29550
2656,40026,52581,42503,41712,52451,48158,53440,43345,46108,29550,48159
2741,41290,52581,42899,52451,41712,48158,53440,46108,29550,43345,48159
2771,41290,52581,42899,52451,41712,43345,53440,29550,48159,46108,48158
2804,41290,52451,40026,52581,53646,46108,29550,53440,48159,48158,43345
2851,44896,41233,42033,52569,46107,52421,42377,40151,25511,42404,46163
3205,52581,41290,52451,42503,53646,43345,48159,48158,29550,46108,53440
3269,44896,41233,52569,42033,44816,42404,25511,52421,40151,46163,42377
3314,41233,44831,42033,44896,46544,46163,40151,42404,42377,52421,25511
3336,41233,53558,44896,52569,44816,42404,40151,46163,52421,25511,42377
3413,52451,40026,41290,52581,41712,43345,48159,48158,29550,53440,46108
3458,41290,42899,40026,52581,53646,53440,48158,48159,43345,29550,46108
3701,Error,Error,Error,Error,Error
3725,Error,Error,Error,Error,Error
3863,Error,Error,Error,Error,Error
3908,41290,40026,52581,41712,52451,43345,48158,48159,29550,46108,53440
3930,Error,Error,Error,Error,Error
3956,41290,52581,40026,42503,46781,43345,53440,46108,48159,48158,29550
3997,40026,41290,42899,52451,46781,48158,43345,46108,48159,53440,29550
62,52433,47819,40078,53623,52598,53584,45069,41291,46078,42371,34472
141,46671,47819,40078,52598,53623,45069,53584,42371,46078,41291,34472
371,52433,46331,38613,47819,53623,45069,53584,41291,34472,46078,42371
397,47819,38613,52708,52433,52598,45069,53584,46078,41291,42371,34472
477,45102,52442,44792,40641,52449,43307,43291,46275,42477,46075,39947
503,52442,48118,45102,44792,52449,39947,46275,43291,46075,43307,42477
754,52708,52433,47819,38613,46331,41291,42371,45069,53584,34472,46078
810,45102,52442,40641,52449,44792,43291,46075,43307,39947,46275,42765
854,46172,48118,45102,52442,46173,43307,42765,46275,46075,39947,43291
969,52449,48118,40641,52442,45102,46275,43307,42765,39947,46075,43291
995,47819,46671,40078,53623,52598,53584,42371,46078,34472,45069,41291
1038,52433,46331,47819,52708,38613,41291,45069,42371,53584,46078,34472
1127,53556,48118,45102,52442,52449,43291,46275,39947,46075,42765,43307
1345,46173,52442,45102,53556,48118,39947,43291,43307,42477,46075,46275
1437,46671,47819,46331,38613,52708,41291,34472,46078,42371,45069,53584
1635,46671,47819,38613,52708,46331,45069,53584,41291,42371,34472,46078
1752,45102,40641,52442,46173,52449,39947,46275,42765,43291,43307,46075
1800,44792,53556,52449,40641,39947,43307,42765,52557,43291,46075,46275
2126,52442,40641,45102,44792,52449,39947,46275,42765,43307,43291,46075
2150,48118,45102,52442,46172,52449,43307,43291,46275,39947,46075,42765
2368,52433,47819,38613,46331,53623,53584,41291,42371,45069,34472,46078
2461,52433,47819,38613,52708,52598,42371,41291,45069,34472,53584,46078
2485,47819,46671,40078,52598,53623,53584,41291,42371,45069,34472,46078
2532,Error,Error,Error,Error,Error
2561,48118,45102,52442,40641,52449,42477,43307,39947,43291,46075,46275
2596,52442,40641,45102,48118,52449,46275,46075,42477,43307,43291,39947
2633,52442,45102,44792,48118,52449,39947,46075,42477,43307,43291,46275
2719,52433,47819,40078,53623,52598,53584,34472,45069,42371,41291,46078
3080,52598,52433,47819,40078,53623,45069,41291,53584,46078,34472,42371
3137,52433,38613,47819,46331,52708,53584,41291,45069,46078,34472,42371
3226,52449,52442,48118,45102,40641,43291,43307,46275,39947,46075,42765
3287,48118,52442,45102,44792,52449,39947,43307,42765,46275,43291,46075
3374,48118,52442,44792,40641,46173,39947,43291,43307,46275,42765,46075
3434,45102,52442,48118,40641,52449,43307,43291,46275,39947,46075,42765
3520,52433,47819,40078,52598,53623,45069,42371,41291,46078,34472,53584
3548,47819,38613,52433,46331,52708,42371,53584,41291,34472,46078,45069
3600,Error,Error,Error,Error,Error
3621,45102,46172,52442,40641,46173,43307,43291,42765,46275,46075,39947
3692,52442,45102,46173,44792,40641,43307,39947,42765,46275,46075,43291
3781,52433,47819,38613,46331,52708,41291,42371,53584,45069,34472,46078
3805,52433,47819,38613,46331,52708,46078,45069,53584,34472,42371,41291
3833,52433,46331,47819,38613,52708,53584,45069,41291,42371,46078,34472
3882,46671,52625,38613,52598,52708,53584,45069,46078,34472,42371,41291
4063,Error,Error,Error,Error,Error
210,Error,Error,Error,Error,Error
253,40092,53098,52942,46160,44879,42356,40023,42344,47831,52432,44844
326,Error,Error,Error,Error,Error
450,52513,53098,44075,42437,52942,52432,42356,40023,42344,44844,47831
598,Error,Error,Error,Error,Error
694,Error,Error,Error,Error,Error
833,Error,Error,Error,Error,Error
894,Error,Error,Error,Error,Error
933,Error,Error,Error,Error,Error
1024,53098,52513,40092,44075,44879,52432,42344,40023,44844,52666,47831
1069,46160,53098,40092,52513,42437,40023,52666,47831,42344,52432,44844
1104,40092,52942,44075,52513,44879,40023,47831,52666,42344,44844,52432
1240,40092,53098,44075,52513,42437,44844,47831,52432,40023,42344,52666
1264,53098,40092,52513,44075,48318,47831,42344,52432,42356,44844,40023
1478,53098,44879,52942,52513,42437,42344,47831,44844,52432,52666,40023
1562,Error,Error,Error,Error,Error
1597,Error,Error,Error,Error,Error
1619,Error,Error,Error,Error,Error
1701,Error,Error,Error,Error,Error
1751,Error,Error,Error,Error,Error
1792,40092,53098,46160,44879,52942,52666,47831,42344,40023,52432,44844
1816,53098,40092,46160,52942,44879,44844,40023,52666,52432,42344,47831
1855,53098,42350,46160,52513,44879,40023,44844,52666,47831,52432,42344
1879,Error,Error,Error,Error,Error
1900,40092,53098,46160,52513,44879,52666,42344,44844,47831,40023,52432
1924,40092,53098,52513,44879,46160,47831,40023,44844,52666,42344,52432
1953,52513,46160,53098,40092,44879,47831,40023,44844,52666,42344,52432
2047,Error,Error,Error,Error,Error
2214,53098,46160,52513,40092,44879,40023,44844,52666,47831,52432,42344
2243,46160,53098,52513,44879,48541,40023,42344,44844,52432,47831,52666
2348,Error,Error,Error,Error,Error
2436,Error,Error,Error,Error,Error
2455,Error,Error,Error,Error,Error
2553,52942,53098,48318,44075,52513,52666,44844,42344,47831,40023,52432
2603,42350,53098,48541,52513,44879,40023,44844,52666,42344,52432,47831
2835,48541,42350,53098,52513,44879,52666,47831,44844,40023,42344,52432
2934,Error,Error,Error,Error,Error
3030,Error,Error,Error,Error,Error
3099,46160,53098,48541,52513,44879,52666,44844,52432,42344,47831,40023
3139,Error,Error,Error,Error,Error
3165,46160,42350,52513,53098,42437,52432,40023,42344,52666,47831,44844
3238,Error,Error,Error,Error,Error
3260,Error,Error,Error,Error,Error
3305,Error,Error,Error,Error,Error
3395,Error,Error,Error,Error,Error
3424,Error,Error,Error,Error,Error
3506,Error,Error,Error,Error,Error
3536,42350,48541,53098,52513,42437,44844,40023,42344,52666,52432,47831
3624,40092,53098,46160,52513,44879,52666,52432,44844,47831,40023,42344
3660,53098,42350,52513,46160,44879,42344,40023,47831,52666,44844,52432
3684,44879,53098,48541,46160,52513,52666,40023,52432,42344,44844,47831
3735,52513,53098,44879,44075,40023,41532,52432,52666,47831,42344,44844
3787,46160,44879,40092,53098,52513,44844,52432,47831,40023,42344,52666
3926,Error,Error,Error,Error,Error
3945,Error,Error,Error,Error,Error
3998,Error,Error,Error,Error,Error
